"series_episode","first_name","last_name","place"
1,"Summer","Kriegshauser",4
2,"Raymond","Jackson",4
3,"Margaritte","Malfy",4
4,"Sean","Chudoba",4
5,"John","Keller",4
6,"Cindi","Avila",4
7,"Melinda","Dorn",4
8,"Gwen","LePape",4
9,"David","Goldwhite",4
10,"Jonathan","Jernigan",4
11,"Alina","Eisenhauer",4
12,"Michael","Selicious",4
13,"Victor","Cabezas",4
14,"Peter","Klein",4
15,"Fritz","Knipschildt",4
16,"Nicole","Puzio",4
17,"Massimo","Felici",4
18,"Shaya","Klechevsky",4
19,"Barbara","Sibley",4
20,"Moha","Orchid",4
21,"Ming","Lu",4
22,"Simon","Lange",4
23,"Michael","Carrino",4
24,"Pippa","Calland",4
25,"Jackie","Lee",4
26,"Cody","Utzman",4
27,"Peter","Giannakas",4
28,"Jeffrey","Baruch",4
29,"Fabian","Ludwig",4
30,"Adele","DiBiase",4
31,"Melinda","Beaulieu",4
32,"Megan","Fells",4
33,"Bill","Feldman",4
34,"Michael","Giletto",4
35,"Linda","Laestadius",4
36,"Damien","Brassel",4
37,"Mark","Twersky",4
38,"Michael","Madigan",4
39,"John-Michael","Hamlet",4
40,"Siggy","Sollitto",4
41,"Sunshine","Best",4
42,"Rory","MacDonald",4
43,"Abigail","Hitchcock",4
44,"Sean","Mell",4
45,"Nadege","Fleurimond",4
46,"Mary","Johnson",4
47,"Melissa","Muller",4
48,"Anthony","Locastro",4
49,"Carrie","Weiss",4
50,"Melissa","Rebholz",4
51,"Steven","Tempel",4
52,"Jacques","Gautier",4
53,"Paul","Viggiano",4
54,"Adam","Idris",4
55,"Jessica","Wilson",4
56,"Jessica","Mogardo",4
57,"Michael","Jenkins",4
58,"Joe","Dobias",4
59,"Christian","Petroni",4
60,"Marc","Bynum",4
61,"Sung","Lee",4
62,"Anthony","Testino",4
63,"Mike","Solyn",4
64,"Harold","Moore",4
65,"Kenneth","Collins",4
66,"Colin","Kruzic",4
67,"Andrea","Glick",4
68,"Carmine","DiGiovanni",4
69,"Rob","Runn",4
70,"James","Kilberg",4
71,"Lisa","Garza",4
72,"Duff","Goldman",4
73,"Jacques","Torres",4
74,"Maneet","Chauhan",4
75,"Michael","Proietti",4
76,"Gillie","Holme",4
77,"Ulli","Stachl",4
78,"Crystal","Fox",4
79,"Billy","Brigtsen",4
80,"Rosalind","Balducci",4
81,"John","Ramirez",4
82,"Vucic","Dabetic",4
83,"Matthew","Marchese",4
84,"Amy","Goffio-Mahabir",4
85,"Emily","Sims",4
86,"Marc","Matsumoto",4
87,"Chris","Rendell",4
88,"Tristan","Welch",4
89,"Katherine","See",4
90,"Chris","Coombs",4
91,"Ben","Sargent",4
92,"Daniel","Moreno",4
93,"Denis","Weekes",4
94,"Rodney","Henry",4
95,"Allison","Sosna",4
96,"Bun","Lai",4
97,"Wayne","Lyons",4
98,"Shehu","Fitzgerald",4
99,"Miguel","Aguilar",4
100,"Justin","Burdett",4
101,"Alan","Harding",4
102,"Van","Dao",4
103,"Michael","Maroni",4
104,"Kayne","Raymond",4
105,"Tiffany","Jeffries",4
106,"Shawn","Fralin",4
107,"Rhonda","Deloach",4
108,"Jill","Nicolson",4
109,"Larry","Baldwin",4
110,"Joseph","Arcarola",4
111,"Dave","Ward",4
112,"David","Seigal",4
113,"Ian","Friedman",4
114,"Anna","Santorelli",4
115,"Marcus","Lepke",4
116,"Amy","Johnson",4
117,"Jose","Garces",4
118,"Keegan","Gerhard",4
119,"Chris","Nirschel",4
120,"Chris","Santos",4
121,"Michael","Symon",4
122,"Sean","Brasel",4
123,"Jeff","O'Neill",4
124,"Nancy","Caballes",4
125,"Angela","Karegeannes",4
126,"Ryan","McLaughlin",4
127,"Michael","Jacobs",4
128,"Robert","Painter",4
129,"John","Deatcher",4
130,"Nelly","Godfrey",4
131,"Prasad","Chirnomula",4
132,"Jessica","North",4
133,"Pete","Ascolese",4
134,"Evelyn","Cheatham",4
135,"Deborah","Gelman",4
136,"Jesse","Kramer",4
137,"Kerenza","Napoles",4
138,"Taryn","Mumpower",4
139,"Richard","Bond",4
140,"Kimberly","Parris",4
141,"Alex","Friedman",4
142,"Michael","Chen",4
143,"Monique","Barrow",4
144,"Bryon","Peck",4
145,"Jude","Huval",4
146,"Chuck","Subra",4
147,"Jennifer","Iserloh",4
148,"Cam","Boudreaux",4
149,"Sheridan","Su",4
150,"Terry","Accaira",4
151,"Romilly","Newman",4
152,"Terry","Koval",4
153,"Tony","Biggs",4
154,"Giancarlo","Autenzio",4
155,"Greg","Grossman",4
156,"Courtney","Renn",4
157,"April","Neujean",4
158,"Mike","Minor",4
159,"Marja","Samsom",4
160,"Adrian","Ashby",4
161,"Shawn","Smilie",4
162,"Lish","Steiling",4
163,"Rachel","Willen",4
164,"Lester","Walker",4
165,"Kris","Wessel",4
166,"Kenneth","Johnson",4
167,"Anne","Churchill",4
168,"Tony","Kang",4
169,"Nadia","G.",4
170,"Chuck","Hughes",4
171,"Marc","Murphy",4
172,"Judy","Gold",4
173,"Sunny","Anderson",4
174,"Ingrid","Wright",4
175,"John","Herndon",4
176,"McCaily","Cranna",4
177,"Ashley","Hough",4
178,"Gio","Bellino",4
179,"Nate","Echelberger",4
180,"Fred","Eric",4
181,"Victor","Vinson",4
182,"Elizabeth","Mwanda",4
183,"Christian","Dolias",4
184,"Ian","Kokkeler",4
185,"David","Garrido",4
186,"Michele","Harriott",4
187,"Vincent","Williams",4
188,"Raquel","Jubran",4
189,"Roy","Handler",4
190,"Jaquy","Yngvason",4
191,"Paul","Joseph",4
192,"Tyler","Bloch",4
193,"Regina","Chen",4
194,"Jemell","Simpson",4
195,"Chris","Houlihan",4
196,"Ben","Durham",4
197,"Kent","Rathbun",4
198,"John","Creger",4
199,"Nick","Vazquez",4
200,"Molly","Peck",4
201,"Tagan","Couch",4
202,"Tiki","Barber",4
203,"Wilhemina","Bell",4
204,"Josh","Watkins",4
205,"Brian","Tsao",4
206,"Shaquay","Peacock",4
207,"Neil","Fuentes",4
208,"Steve","Yen",4
209,"Philip","Meoli",4
210,"Frank","Whittaker",4
211,"Josh","Greenfield",4
212,"Antonio","Jr.",4
213,"Jonah","Frazier",4
214,"Roxy","Belfiore",4
215,"Andres","Figueroa",4
216,"Pip","Freeman",4
217,"Sal","DePaola",4
218,"Ashley","Fahr",4
219,"Sam","Nuckols",4
220,"Megan","Logan",4
221,"Pierre","Coray",4
222,"Noah","Blom",4
223,"Larry","Monaco",4
224,"Matt","Dunn",4
225,"Roderick","Bailey",4
226,"Soraya","Sobreidad",4
227,"Lauren","Pool",4
228,"Nancy","Judd",4
229,"Jackie","Joyner-Kersee",4
230,"Coolio","Coolio",4
231,"Tommy","Davidson",4
232,"Tasha","Smith",4
233,"Carnie","Wilson",4
234,"Melissa","Torre",4
235,"Samantha","McLerran",4
236,"David","Robinson",4
237,"Millie","Fernandez",4
238,"Ian-Max","Henriquez",4
239,"Rose","Kai",4
240,"Chris","Lukic",4
241,"Jason","Netro",4
242,"Iain","Falconer",4
243,"Ted","Hirsch",4
244,"Meg","Hall",4
245,"Emily","Frith",4
246,"Jessica","Helms",4
247,"Naved","Ferdinands",4
248,"Ashlee","Saylor",4
249,"Greg","Ling",4
250,"Licia","Kassim",4
251,"Sassan","Rostamian",4
252,"Alexandria","Brooks",4
253,"Mikayla","Layng",4
254,"Brandon","Medley",4
255,"Antonio","Jubela-Gordon",4
256,"Sequoia","Pranger",4
257,"Michael","Natiello",4
258,"Fatima","Ali",4
259,"Marisa","Biaggi",4
260,"Richard","Fields",4
261,"Gillian","Vigman",4
262,"Keith","Young",4
263,"Eitan","Bernath",4
264,"Jun","Robles",4
265,"Mark","Murray",4
266,"Maneet","Chauhan",4
267,"Mirna","Attar",4
268,"Sunny","Anderson",4
269,"Raphael","Martone",4
270,"Nico","Romo",4
271,"Kathy","Wakile",4
272,"Maria","Ojala",4
273,"Gregory","Generet",4
274,"Kamel","Saci",4
275,"Mei","Chau",4
276,"Jason","French",4
277,"Clio","Goodman",4
278,"Leigh","Kato",4
279,"Victoria","Neikirk",4
280,"Angela","Majko",4
281,"Dung","Trinh",4
282,"Kelly","Kleisner",4
283,"Kimberly","Maisey",4
284,"Fred","Neuville",4
285,"Rique","Uresti",4
286,"Mark","Mata",4
287,"Lauren","Miller",4
288,"Ariella","Dalfen",4
289,"Amanda","Freitag",4
290,"Jimi","Hyatt",4
291,"Brian","Malarkey",4
292,"Dale","Talde",4
293,"Marcel","Vigneron",4
294,"Lee","Wong",4
295,"Art","Smith",4
296,"Robert","Sevchik",4
297,"Eddie","Ojeda",4
298,"Kris","Edelen",4
299,"Varsha","Govindaraju",4
300,"Justin","Schwartz",4
301,"Erin","Wishon",4
302,"Will","Salazar",4
303,"Kelsey","Nixon",4
304,"Franco","Fugel",4
305,"Alyssa","Chacon",4
306,"Jarren","Pross",4
307,"Danny","Ganzman",4
308,"Erica","Nicholls",4
309,"Peter","Wenger",4
310,"Morgan","Goldstein",4
311,"Jo","Payton",4
312,"Katie","Wentworth",4
313,"Ivan","Giani",4
314,"Gretchen","Roth",4
315,"Laura","Cheng",4
316,"Matt","Jozwiak",4
317,"Jeny","Weimer",4
318,"Din","Yates",4
319,"Franky","Karagiorgos",4
320,"Ellen","Adams",4
321,"Sarah","Mispagel",4
322,"Ada","Santa",4
323,"Ryan","Profetto",4
324,"Artie","Wachtel",4
325,"Gary","Ly",4
326,"Aviv","Regev",4
327,"Nick","Williams",4
328,"Justin","Herrera",4
329,"Kirk","Bronsord",4
330,"Nick","Lisotto",4
331,"Mark","Bailey",4
332,"Gilbert","Delgado",4
333,"Keisha","Bocage",4
334,"Jake","Harbeck",4
335,"Haley","Sausner",4
336,"Danielle","Wilk",4
337,"Sean","Carroll",4
338,"Stacey","Givens",4
339,"Georgeann","Leaming",4
340,"Raffaele","Ronca",4
341,"Silvia","Baldini",4
342,"Meny","Vaknin",4
343,"Artist","Thornton",4
344,"Crystal","Wahpepah",4
345,"Peter","Sally",4
346,"Dean","Barker",4
347,"John","Beatty",4
348,"Lenny","Messina",4
349,"Mariko","Wilkinson",4
350,"Justin","Matro",4
351,"Jayson","Reynolds",4
352,"William","Gilchriest",4
353,"Cameron","Cain",4
354,"Donato","Deserio",4
355,"Jim","Angelus",4
356,"Nicholas","Capone",4
357,"Nathan","Spiro",4
358,"Brittany","Matteson",4
359,"Tammy","Lyssie",4
360,"Jeffrey","Heilman",4
361,"Surbhi","Sahni",4
362,"Gabriel","Chirinos",4
363,"Amber","Brauner",4
364,"Enzo","Neri",4
365,"Joey","Malim",4
366,"Ebony","Amber",4
367,"Thomas","Brenner",4
368,"Ameer","Atari",4
369,"Amber","Keyser",4
370,"Les","Gold",4
371,"Javani","King",4
372,"Sylvia","Becker",4
373,"Ali","Muhammad",4
374,"Mackenzie","Hilton",4
375,"Alexa","Wilkinson",4
376,"Shania","Thomas",4
377,"Josh","Hershkovitz",4
378,"Mike","Romine",4
379,"Sage","Beausejour",4
380,"Kathy","Fang",4
381,"Jay","Fox",4
382,"Jared","Falco",4
383,"Peter","Freeman",4
384,"Erick","Dally",4
385,"Christopher","Newark",4
386,"Elena","Cruz",4
387,"Paddy","Rawal",4
388,"Marjory","Sweet",4
389,"Faiz","Ally",4
390,"Lien","Lin",4
391,"Michele","Wright",4
392,"Elisa","Lyew",4
393,"Russell","Stippich",4
394,"Paul","Maloney",4
395,"Cristian","Petitta",4
396,"Jon","Rosa",4
397,"Jenny","Dorsey",4
398,"Arleen","Harkins",4
399,"Mandla","Nkiwane",4
400,"Steven","Londono",4
401,"Mauro","Maccioni",4
402,"Miguel","Samanez",4
403,"T.J.","Ingraham",4
404,"Jennifer","Lopez",4
405,"Justine","Ezarik",4
406,"LaMarr","Woodley",4
407,"Ron","Funches",4
408,"Alan","Thicke",4
409,"Paige","VanZant",4
410,"Ralph","Ferrara",4
411,"Mauricio","Nunez",4
412,"Jeff","Mauro",4
413,"Erin","Campbell",4
414,"Bea","Rocchetti",4
415,"Mike","Hannah",4
416,"Greg","Power",4
417,"Jimmie","Rondon",4
418,"Jessica","Johnson",4
419,"Tracy","Wilk",4
420,"Leah","Gourlie",4
421,"Lisa","Delgado",4
422,"Tiffany","Schleigh",4
423,"Jason","Rodriguez",4
424,"Michael","Nelson",4
425,"Kristina","Mellegard",4
426,"Omar","Mitchell",4
427,"Suzette","Montalvo",4
428,"Bryan","Lindsay",4
429,"Jayda","Atkinson",4
430,"Melissa","Araujo",4
431,"Michael","Monzon",4
432,"Iliana","Negron",4
433,"Rudy","Straker",4
434,"Cosmo","Bisticas",4
435,"James","Graham",4
436,"Roxanne","Spruance",4
437,"Cybille","Aude",4
438,"Jay","Reifel",4
439,"Diana","Sabater",4
440,"B.J.","Chester-Tamayo",4
441,"Josh","Moore",4
442,"Rochelle","Honeygan",4
443,"Byron","Bradley",4
444,"Adam","Sherris",4
445,"Jonathan","Scinto",4
446,"Abel","Gonzales",4
447,"Maria","Mazon",4
448,"Manny","Slomovitz",4
449,"Jeremy","Fogg",4
450,"Ken","Harvey",4
451,"Josip","Franc",4
452,"Joshua","Wiggins",4
453,"C.J.","Hamm",4
454,"Donald","Hawk",4
455,"Marco","Barrila",4
456,"Sunshine","Flagg",4
457,"Jonathan","Scallion",4
458,"Andrei","Enikeev",4
459,"John","Chambers",4
460,"Paco","Cortes",4
461,"Danielle","Leoni",4
462,"Michael","Compean",4
463,"Kelli","Thompson",4
464,"Alexis","Trolf",4
465,"Louie","Estrada",4
466,"Samantha","Roberts",4
467,"Dylan","Boepple",4
468,"Christian","Souvenir",4
469,"Meghan","Levins",4
470,"Brant","Dadaleares",4
471,"Alejandro","Perez",4
472,"Matthew","Katakis",4
473,"Jeff","Kraus",4
474,"Francis","Legge",4
475,"Richard","Meissner",4
476,"Sean","Collins",4
477,"Juyoung","Kang",4
478,"Danielle","Ennesser-Quirino",4
479,"Ken","Arneson",4
480,"Nicole","Palazzolo",4
481,"Samantha","Naomi",4
482,"J.","Amonson",4
483,"John","Dougherty",4
484,"Tavis","Rockwell",4
485,"Elliot","Williams",4
486,"Justin","Woodard",4
487,"Teerawong","Nanthavatsiri",4
488,"Giulio","Adriani",4
489,"Stephan","Brezinsky",4
490,"Massimiliano","Eandi",4
491,"Ilson","Goncalves",4
492,"Chris","Moore",4
493,"Lex","Taylor",4
494,"Justin","Loo",4
495,"Matt","Drummond",4
496,"Joe","Cadina",4
497,"Marissa","Bergen",4
498,"Ryan","Greenberg",4
499,"Edwin","Rodriguez",4
500,"Syrena","Johnson",4
501,"Kenneth","Temple",4
502,"Nicholas","Poulmentis",4
503,"Dave","Hadley",4
504,"Evan","Hennessey",4
505,"Ted","Allen",4
506,"Leah","Eubanks",4
507,"Altina","Lester",4
508,"Quinn","Walmer",4
509,"Ricardo","Arias",4
510,"Seis","Kamimura",4
511,"Jennifer","Bajsel",4
512,"Michelle","Poteaux",4
513,"Nicole","Roarke",4
514,"Zack","Davis-Wooldridge",4
515,"Kat","Britt",4
516,"Cara","Nance",4
517,"Ross","Scofield",4
518,"Josh","Cohen",4
519,"Al","McLean",4
520,"Tony","Camilleri",4
521,"Neil","Syham",4
522,"Fabiano","Baiera",4
523,"Meredith","Lorencz",4
524,"CJ","Barroso",4
525,"Nick","Cassidy",4
526,"Rachel","Prokupek",4
527,"Rory","Lee",4
528,"Alex","Garfinkel",4
529,"Alex","MacDonald",4
530,"Sarah","Ravitz",4
531,"Andrew","Mercado",4
532,"Maylin","Chavez",4
533,"Heather","Fuller",4
534,"Dave","Mallari",4
535,"Emily","Brungo",4
536,"Emily","Trotochaud",4
537,"Alan","Cohen",4
538,"Sandra","Hakim",4
539,"Jewel","Johnson",4
540,"Brigitte","Oger",4
541,"James","DiStefano",4
542,"Tarran","Hatton",4
543,"Rachael","Collins",4
544,"Jae","Lee",4
545,"Joya","Carlton",4
546,"Melvin","Johnson",4
547,"Reid","Evans",4
548,"Adam","Schuller",4
549,"Chris","Santos",4
550,"Mathew","Rice",4
551,"Katy","Smith",4
552,"Andrew","Lello",4
553,"Humberto","Guallpa",4
554,"Deborah","Schneider",4
555,"Camillo","Sabella",4
556,"Cory","Oppold",4
557,"Megan","Day",4
558,"Rashad","Armstead",4
559,"Erin","Smith",4
560,"Eli","Dunn",4
561,"Sequoya","Anderson",4
562,"Jose","Soto",4
563,"Jason","Hanelt",4
564,"Jose","Chavez",4
565,"Lindsay","Smith-Rosales",4
566,"May","Siricharoen",4
567,"Manjit","Manohar",4
568,"Bryant","Kryck",4
1,"Perry","Pollaci",3
2,"Klaus","Kronsteiner",3
3,"Rachelle","Rodwell",3
4,"Kyle","Shadix",3
5,"Andrea","Bergquist",3
6,"Lucas","Manteca",3
7,"Ralph","Jr.",3
8,"Francesco","Peluso",3
9,"Gypsy","Gifford",3
10,"King","Phojanakong",3
11,"Todd","Miller",3
12,"Nigel","Spence",3
13,"Jonathan","Contes",3
14,"Ross","Gill",3
15,"Cheryl","Perry",3
16,"David","Kirschner",3
17,"Christine","Campbell",3
18,"Pasquale","Frola",3
19,"Christopher","Nguyen",3
20,"Maristella","Innocenti",3
21,"Pedro","Diaz",3
22,"Rory","O'Farrell",3
23,"Sandy","Davis",3
24,"Gavin","Mills",3
25,"Einat","Admony",3
26,"Diane","DiMeo",3
27,"Angie","Shaghaghi",3
28,"Barbara","Esmonde",3
29,"Ayesha","Nurdjaja",3
30,"Malik","Fall",3
31,"David","Amorelli",3
32,"Jason","Tilmann",3
33,"Keith","Jodway",3
34,"Katie","Rosenhouse",3
35,"Lizzie","Singh-Brar",3
36,"Lonnie","Dyner",3
37,"Deborah","Gorman",3
38,"Andres","Barrera",3
39,"Hannah","Hopkins",3
40,"Eric","Paraskevas",3
41,"Warren","Schierenbeck",3
42,"Brian","Kevorkian",3
43,"Shanna","Pacifico",3
44,"Berthsy","Ayide",3
45,"Paul","Ripley",3
46,"Kristen","Davis",3
47,"Ricardo","Cardona",3
48,"Mark","McMann",3
49,"Sachem","Allison",3
50,"Adam","Sternberg",3
51,"Michele","Ragussis",3
52,"Deborah","Bicknese",3
53,"Lola","Garand",3
54,"Charlene","Johnson",3
55,"Jasmine","Shimoda",3
56,"Mackenzie","Hilton",3
57,"Jon","Bignelli",3
58,"Luisa","Fernandes",3
59,"Rebecca","Newell",3
60,"Ric","Orlando",3
61,"Janine","Gray",3
62,"Merlin","Tlapa",3
63,"Marja","Samsom",3
64,"Izzy","Sarto",3
65,"Patricio","Sandoval",3
66,"Samantha","Buyskes",3
67,"Lisa","Beels",3
68,"Sean","Telo",3
69,"Monica","Byrne",3
70,"Gillian","Clark",3
71,"Debbie","Lee",3
72,"Claire","Robinson",3
73,"Beau","MacMillan",3
74,"Amanda","Freitag",3
75,"Anne","Burrell",3
76,"Ondre'a","Duverney",3
77,"Joel","Javier",3
78,"Marco","Suarez",3
79,"Monica","Langowski",3
80,"Shawn","Dickensheets",3
81,"Remy","Ayesh",3
82,"Tom","McEachern",3
83,"Mark","Barrett",3
84,"Chris","Scott",3
85,"Jonathan","Doar",3
86,"James","Lee",3
87,"Ronaldo","Linares",3
88,"Andy","Bates",3
89,"Deirdre","Henderson",3
90,"Siggy","Sollitto",3
91,"Jay","Jones",3
92,"Jason","Marcus",3
93,"Debra","Whiting",3
94,"Cris","Spezial",3
95,"Steve","Jackson",3
96,"Renita","Mendonca",3
97,"Heather","Priest",3
98,"Alejandra","Padilla",3
99,"Laura","Henry-Zoubir",3
100,"Eric","Levine",3
101,"Wade","Burch",3
102,"Ryan","Goergen",3
103,"Gina","Rodriguez",3
104,"Wayne","Cafariella",3
105,"Jackie","Baldassari",3
106,"Arthur","III",3
107,"Arlene","Leggio",3
108,"Nicholas","Porcelli",3
109,"Megan","Johnson",3
110,"Jeremy","Spector",3
111,"Johnny","McLaughlin",3
112,"Faye","Hess",3
113,"Clark","Barlowe",3
114,"Michelle","Firlit-Garcia",3
115,"Dewey","Losasso",3
116,"Virginia","Monaco",3
117,"Cat","Cora",3
118,"Aarti","Sequeira",3
119,"Justin","Balmes",3
120,"Marc","Murphy",3
121,"Penny","Davidi",3
122,"Melissa","Cookston",3
123,"Frederik","Pue",3
124,"Rene","Stein",3
125,"Vaughn","Crenshaw",3
126,"Lee","Farrington",3
127,"Shanna","O'Hea",3
128,"Walter","Lewis",3
129,"David","Guas",3
130,"Miguel","Escobedo",3
131,"Fany","Gerson",3
132,"William","III",3
133,"Kyle","Bernstein",3
134,"Tim","Cipriano",3
135,"Kenny","Minor",3
136,"Brian","Howard",3
137,"Robert","Magsalin",3
138,"Richard","Ingraham",3
139,"Justin","Kennedy",3
140,"Mary","Rusch",3
141,"Brigeth","Brookins",3
142,"Danushka","Lysek",3
143,"Beni","Velazquez",3
144,"Maria","Velez",3
145,"Frances","Tariga",3
146,"Mihoko","Obunai",3
147,"Chris","DeBarr",3
148,"Tasheena","Butler",3
149,"Sung","Kim",3
150,"Shannon","Solomon",3
151,"Joel","Allette",3
152,"Nicole","Brisson",3
153,"Linda","Miles",3
154,"Brack","May",3
155,"Jeremy","Langlois",3
156,"Jimmy","Tessier",3
157,"Chris","Sell",3
158,"Saul","Ortiz-Cruz",3
159,"Monica","Langowski",3
160,"Maureen","Sanchez",3
161,"Jason","Robertson",3
162,"Sylvain","Harribey",3
163,"Fatima","Ali",3
164,"Corwin","Kave",3
165,"Helen","Park",3
166,"Vinson","Petrillo",3
167,"Stephan","Bogardus",3
168,"Vito","Facciabene",3
169,"Gabriele","Corcos",3
170,"Elizabeth","Falkner",3
171,"Alex","Guarnaschelli",3
172,"Johnny","Weir",3
173,"Laila","Ali",3
174,"Eleanor","Wolper",3
175,"Rory","Philipson",3
176,"Bruce","Barber",3
177,"Angela","Majko",3
178,"Anette","Kreipke",3
179,"Melissa","Campbell",3
180,"Natalie","Cain",3
181,"Judy","Cage-McLean",3
182,"Chris","Avtges",3
183,"Kurt","Ramborger",3
184,"Charles","Slonaker",3
185,"Sonya","Cote",3
186,"Geter","Atienza",3
187,"Vanessa","Ayala",3
188,"Sevan","Abdessian",3
189,"Lara","Paul",3
190,"Tara","Thomas",3
191,"Salvatore","Lima",3
192,"Molly","Bhuiyan",3
193,"Cathy","McKnight",3
194,"Kenny","Gray",3
195,"Lucas","Marino",3
196,"Paolo","Pasio",3
197,"Lou","Campanaro",3
198,"Isaiah","Frizzell",3
199,"Dustin","Gauvain",3
200,"Dylan","Hallas",3
201,"Chris","Trapani",3
202,"Chuck","Zito",3
203,"Pedro","Rodriguez",3
204,"Krissy","Kerwin",3
205,"David","Catapano",3
206,"Jared","Braithwaite",3
207,"Shannon","Olvera",3
208,"John","Atkinson",3
209,"Lisa","Savage",3
210,"Jeff","Eng",3
211,"Mike","Greenfield",3
212,"Dawn","Wells",3
213,"Jason","Rivas",3
214,"Matthew","Wheelock",3
215,"Gemma","Gray",3
216,"Lauren","Pool",3
217,"Antonia","Donnelly",3
218,"Laurie","Potts",3
219,"Jimmy","Wang",3
220,"Afton","Farnsworth",3
221,"Lucy","Collins",3
222,"Peter","Kontomanolis",3
223,"Hiep","Le",3
224,"Ashton","Keefe",3
225,"Nissa","Pierson",3
226,"Jackie","Khanich",3
227,"Tre","Ghoshal",3
228,"Mannee","Soohoo",3
229,"Charles","Oakley",3
230,"Penn","Jillette",3
231,"Robert","Wuhl",3
232,"Lucas","Grabeel",3
233,"Gillian","Vigman",3
234,"Auria","Abraham",3
235,"Tina","Adams",3
236,"Ariane","Resnick",3
237,"Patrick","Lacey",3
238,"Herb","Hand",3
239,"Brandon","Frohne",3
240,"Connie","Tran",3
241,"Cass","Ashford",3
242,"Jonathan","Mailo",3
243,"Vinny","Tardo",3
244,"Whitney","Werner",3
245,"Todd","Barrie",3
246,"Josh","Distenfeld",3
247,"Tia","McDonald",3
248,"Samia","Behaya",3
249,"Drew","Jackson",3
250,"Liz","Sempervive",3
251,"Ryan","Costanza",3
252,"Ashley","Dudley",3
253,"Eyan","Goldman",3
254,"Hannah","Bukzin",3
255,"Jake","Diamond",3
256,"Jason","Khaytin",3
257,"Han","Hwang",3
258,"Lauren","Kyles",3
259,"Dinah","Surh",3
260,"Paul","Rut",3
261,"Brandi","Chastain",3
262,"Laila","Ali",3
263,"Christopher","Pappas",3
264,"Christopher","Arellanes",3
265,"Stephanie","Mishoe",3
266,"Marc","Murphy",3
267,"Eva","Winans",3
268,"Jeff","Mauro",3
269,"John","Martone",3
270,"Geoff","Rhyne",3
271,"Renee","Graziano",3
272,"Ryan","Whyte",3
273,"Marilyn","Mansfield",3
274,"Frederick","Aquino",3
275,"Andrew","Garrett",3
276,"Tonya","Mitchell",3
277,"Chris","Starkus",3
278,"Susie","McWilliam",3
279,"Tynan","Gibson",3
280,"Han","Hwang",3
281,"Christian","Fischhuber",3
282,"Einav","Gefen",3
283,"Jen","Outlaw",3
284,"Catherine","Cosby",3
285,"Tommy","Werther",3
286,"Sarah","Arkwright",3
287,"Daniel","Doyle",3
288,"Jing","Cong",3
289,"Marc","Murphy",3
290,"Heather","Edwards",3
291,"Madison","Cowan",3
292,"Mary","Milliken",3
293,"Cat","Cora",3
294,"Fabio","Viviani",3
295,"Jet","Tila",3
296,"Oscar","Toro",3
297,"Lita","Ford",3
298,"Eileen","Andrade",3
299,"Alex","Steinwald",3
300,"Momo","Attaoui",3
301,"Lamar","Moore",3
302,"Juan","Borjas",3
303,"Jim","Stacy",3
304,"Theo","Vicioso",3
305,"Nino","Asaro",3
306,"Eliza","McKelvey",3
307,"Olivia","Neumark",3
308,"Aaron","Tekulve",3
309,"Alexina","Chasin",3
310,"Dante","Foggy",3
311,"Tichina","Arnold",3
312,"Lucerno","Obregon",3
313,"Taylor","Erickson",3
314,"Bonnie","Kepplinger",3
315,"Alex","Rodil",3
316,"Bun","Cheam",3
317,"Celinda","Norton",3
318,"Crosby","Tailor",3
319,"Jonny","Silverberg",3
320,"Alex","Magloire",3
321,"Anthony","Hunt",3
322,"Joan","Low",3
323,"John","Profetto",3
324,"Stanley","Myers",3
325,"Dawn","Burrell",3
326,"Charles","Chen",3
327,"Kirsten","Hocker",3
328,"Vanarin","Kuch",3
329,"Nick","Caputi",3
330,"Gray","Rollin",3
331,"Giovanna","Alvarez",3
332,"Danika","Brysha",3
333,"Rocco","Nankervis",3
334,"Shaun","Yazbek",3
335,"Jase","Grimm",3
336,"Alvin","Zhou",3
337,"Angela","Rowley",3
338,"Daniel","Sharp",3
339,"Thiago","Silva",3
340,"Mo","Major",3
341,"Adam","Sappington",3
342,"Deborah","Caplan",3
343,"Sylva","Senat",3
344,"Daniel","Fleming",3
345,"Tayo","Elena",3
346,"Allison","Kave",3
347,"Mike","Bianco",3
348,"Bruce","Marais",3
349,"Sean","Thomas",3
350,"Sara","Marks",3
351,"Shanice","Fleming",3
352,"Elisha","Weitz",3
353,"Seth","Carter",3
354,"Pasquale","Abbatiello",3
355,"Natacha","Supplice",3
356,"Myla","Njai",3
357,"Tommy","McMonagle",3
358,"Mukanjo","Mukuka",3
359,"Pamela","Wendy",3
360,"Jonas","Park",3
361,"Brittany","Eaden",3
362,"Lyanna","Cintron",3
363,"Genique","Freeman",3
364,"Soraya","Carrington",3
365,"Alfred","DiMartini",3
366,"James","Roberts",3
367,"Annabelle","Turner",3
368,"Katie","Quinn",3
369,"Pam","Johnson",3
370,"Jenni","Pulos",3
371,"Lionel","Haeberle",3
372,"Marc","Quinones",3
373,"Catherine","Highland",3
374,"Bradley","Stellings",3
375,"Mario","Roca",3
376,"Heather","Borden",3
377,"ML","Carroll",3
378,"Aarthi","Sampath",3
379,"Kathy","Poland",3
380,"Demetrio","Zavala",3
381,"Brian","Casey",3
382,"Sarah","Murray",3
383,"Connie","Ruel",3
384,"Serge","Pambo",3
385,"Treeven","Dove",3
386,"David","Ruiz",3
387,"Christina","Hinds",3
388,"Jhette","Gonzales",3
389,"Ivan","Saez",3
390,"Brendan","Neville",3
391,"Justin","Goerich",3
392,"Melanie","Brown-Lane",3
393,"Chris","Burnett",3
394,"Candace","Gracik",3
395,"Thach","Tran",3
396,"Dean","Dupuis",3
397,"Arnaud","Devulder",3
398,"Nonna","Riekert",3
399,"Brian","Hohl",3
400,"MiKala","Brennan",3
401,"Naji","Boustany",3
402,"Val","Wasilewski",3
403,"Judee","Obcena",3
404,"Carolina","Saavedra",3
405,"Hilah","Johnson",3
406,"Mariel","Zagunis",3
407,"Illeana","Douglas",3
408,"Alysia","Reiner",3
409,"Jodi","O'Keefe",3
410,"Henry","Hynoski",3
411,"Miranda","Rosenfelt",3
412,"Ted","Allen",3
413,"Shane","Vidovic",3
414,"Miguel","Franco",3
415,"Mark","Sheridan",3
416,"Ashley","Jonique",3
417,"Allie","Lyttle",3
418,"Craig","Walker",3
419,"Sophie","Jaeger",3
420,"Jamal","Bland",3
421,"Vinnie","Cimino",3
422,"Louis","Goral",3
423,"Regan","Reik",3
424,"Nick","Wallace",3
425,"William","Gauger",3
426,"Jen","Scher",3
427,"Andrew","Zurica",3
428,"Brandi","Marter",3
429,"Darwell","III",3
430,"George","Georgiades",3
431,"Dani","Macchia",3
432,"Alex","Diaz",3
433,"Ben","Bruckenthal",3
434,"George","Kringas",3
435,"Zack","Stapelman",3
436,"Giorgio","Rapicavoli",3
437,"Brandon","Williams",3
438,"Tom","Coughlan",3
439,"Darius","Peacock",3
440,"Jean","Gabriel",3
441,"Catt","Rolland",3
442,"Dallas","Martinez",3
443,"Brandon","Green",3
444,"Caitlin","Salisbury",3
445,"Amanda","Henson",3
446,"Anthony","Serrano",3
447,"Jay","Ducote",3
448,"Joe","Passanante",3
449,"Keris","Kuwana",3
450,"Winnette","Ambrose",3
451,"Philippe","Fallait",3
452,"Isaac","Rios",3
453,"Joseph","Yoon",3
454,"Laura","Licona",3
455,"Tami","Treadwell",3
456,"Dave","Sclarow",3
457,"Madeleine","Dee",3
458,"Alex","Galvis",3
459,"Tandy","Peterson",3
460,"Frank","Bilotti",3
461,"Adam","Burress",3
462,"Ashley","Goddard",3
463,"Greg","Nalley",3
464,"Sasha","Grumman",3
465,"Ricardo","Barreras",3
466,"Jake","McPeck",3
467,"Cedric","Gayon",3
468,"Peng","Looi",3
469,"Marc","Lamash",3
470,"Alycia","Harrington",3
471,"Anthony","Brynildsen",3
472,"Jacob","Styburski",3
473,"Chris","Castro",3
474,"Lindsey","Farr",3
475,"Enzo","Pezone",3
476,"David","Belknap",3
477,"Moses","Laboy",3
478,"Lex","Grant",3
479,"Sarah","Wong",3
480,"Tarun","Kapoor",3
481,"Judy","Yao",3
482,"Carolina","Curtin",3
483,"Melissa","O'Shea",3
484,"Adam","Pusateri",3
485,"Asia","Mei",3
486,"Landen","Garcia",3
487,"Nick","Dixon",3
488,"Vincent","Rotolo",3
489,"Allen","Fisher",3
490,"Allison","Fasano",3
491,"Darius","Chase",3
492,"Coco","Kim",3
493,"Stavros","Karipides",3
494,"Mac","Jarvis",3
495,"Jamie","Landers",3
496,"Tamara","Stanger",3
497,"Nick","Triscari",3
498,"Django","Santalis",3
499,"Samantha","Sanz",3
500,"Heather","Carr",3
501,"Chris","Paulikas",3
502,"Andrew","Riccatelli",3
503,"Adam","Allison",3
504,"Matthew","Ginn",3
505,"Marc","Murphy",3
506,"Nicole","Poirier",3
507,"Charisse","Chavers",3
508,"Jackson","Rockmel",3
509,"Steven","Oliver",3
510,"Nick","Wallace",3
511,"Aaron","Morrisey",3
512,"Julian","Plyter",3
513,"Jonathan","Shepard",3
514,"Laura","Meyer",3
515,"Doug","Rodrigues",3
516,"Marlee","Belmonte",3
517,"Kalen","Jane",3
518,"Mona","Michael",3
519,"Yasi","Sapp",3
520,"Desiree","Simon",3
521,"Rob","Dasalla",3
522,"Hans","Trabi",3
523,"Gregg","Brackman",3
524,"Greg","Stott",3
525,"Koji","Kakimoto",3
526,"Leticia","Souza",3
527,"Dawn","Tyson",3
528,"Juan","Rivera",3
529,"Nancy","Longo",3
530,"Phil","DeMaiolo",3
531,"Laine","Myers",3
532,"Carlo","Lamagna",3
533,"Nick","Pasco",3
534,"Matt","Harker",3
535,"Katrina","Dudley",3
536,"Joey","Camasta",3
537,"Althea","Potter",3
538,"Aurora","Wold",3
539,"Stephanie","Thornton",3
540,"Asha-Le","Davis",3
541,"Emma","Taylor",3
542,"Ivan","Marquez",3
543,"Glenroy","Brown",3
544,"Luis","Escorcia",3
545,"Ian","Knauer",3
546,"Christian","Petroni",3
547,"Sherry","Hughes",3
548,"Tomer","Avital",3
549,"Marc","Murphy",3
550,"Ashley","Holt",3
551,"Gustavo","Gutierrez",3
552,"Jeremy","Smith",3
553,"Michael","Serpa",3
554,"Saransh","Oberoi",3
555,"Melissa","Parks",3
556,"Gregory","Headen",3
557,"Nick","LaRosa",3
558,"Matt","Migliore",3
559,"Joshua","Moore",3
560,"Kristina","Wisneski",3
561,"Penny","Stankiewicz",3
562,"Joey","Chavez",3
563,"David","Sierra",3
564,"Matt","Greiner",3
565,"Arden","Lewis",3
566,"Chris","Day",3
567,"Edy","Massih",3
568,"Caroline","Hough",3
1,"Katie","Rosenhouse",2
2,"Christopher","Jackson",2
3,"Chris","Burke",2
4,"Luis","Gonzales",2
5,"Ed","Witt",2
6,"Robert","Burmeister",2
7,"Lior","Sercarz",2
8,"Dave","Ogren",2
9,"William","Lustberg",2
10,"Soulayphet","Schwader",2
11,"Michael","Giletto",2
12,"Melissa","Levy",2
13,"Amy","Roth",2
14,"Yvan","Lemoine",2
15,"David","Rotter",2
16,"Michael","Ferraro",2
17,"Julio","Lazzarini",2
18,"Giuliano","Matarese",2
19,"Paul","Viggiano",2
20,"Matthew","Zappoli",2
21,"Lisa","Schoen",2
22,"Mor","Amitzur",2
23,"Natalia","Machado",2
24,"James","Briscione",2
25,"Andre","Marrero",2
26,"John","Lawson",2
27,"Cisse","Elhadji",2
28,"Peter","Karapanagiotis",2
29,"Joshua","Whigham",2
30,"Michael","Bicocchi",2
31,"Dominick","Feragola",2
32,"Keith","Geter",2
33,"Lola","Garand",2
34,"Chris","Burke",2
35,"John","Sierp",2
36,"Susan","Crocker",2
37,"Arvin","Dhansew",2
38,"Laurielle","Clark",2
39,"Bradley","Boyle",2
40,"Chris","Coombs",2
41,"Erica","Wides",2
42,"Maurice","Hurley",2
43,"John","III",2
44,"Jeremy","Hanlon",2
45,"Ryan","DePersio",2
46,"Adam","Goldgell",2
47,"Kat","Ploszaj",2
48,"Jennifer","Meadows",2
49,"Chris","Jaeckle",2
50,"Guillaume","Thivet",2
51,"Lance","Nitahara",2
52,"Jodi","Burnhard",2
53,"Dominick","Feragola",2
54,"Matt","Gibson",2
55,"Yoanne","Magris",2
56,"Paul","Yeaple",2
57,"Pnina","Peled",2
58,"Michael","Siry",2
59,"Mario","Tolentino",2
60,"Jason","Zukas",2
61,"Bryce","Shuman",2
62,"Mona","James",2
63,"Tess","Middlebrook",2
64,"Robyn","Moore",2
65,"Laura","Simpson",2
66,"Sammy","Jr.",2
67,"Nick","Grosz",2
68,"Andrew","Markert",2
69,"Anna","Santorelli",2
70,"Jeffrey","Gardner",2
71,"Brad","Sorenson",2
72,"Robert","Irvine",2
73,"Anita","Lo",2
74,"Geoffrey","Zakarian",2
75,"Aaron","Sanchez",2
76,"David","Greco",2
77,"Steven","Brand",2
78,"Tryg","Siverson",2
79,"Kyle","Ricks",2
80,"Adam","Powers",2
81,"Judson","Branch",2
82,"Phyllis","Kaplowitz",2
83,"Wei","Wen",2
84,"Sean","Olnowich",2
85,"Stephen","Hartigan",2
86,"April","Stamm",2
87,"Denise","Baron",2
88,"Lotte","Duncan",2
89,"Cara","Thompson",2
90,"Yoanne","Magris",2
91,"Tina","Aleandri",2
92,"Kelvin","Fernandez",2
93,"Raffaele","Spadavecchia",2
94,"Michelle","Firlit-Garcia",2
95,"Arlene","Stewart",2
96,"Rachel","Klein",2
97,"James","Gillespie",2
98,"Michael","Vignola",2
99,"Jamie","Bissonnette",2
100,"Marie-Claude","Mendy",2
101,"Lauren","Gerrie",2
102,"Ronnie","Vincent",2
103,"Justin","Bazdarich",2
104,"Adrianne","Calvo",2
105,"Dave","Cusato",2
106,"Sonia","El-Nawal",2
107,"Dianne","Houlihan",2
108,"Kate","Squibb",2
109,"Al","Nappo",2
110,"Holly","Sheppard",2
111,"David","Nichols",2
112,"Joe","Simon",2
113,"Dan","Giusti",2
114,"Tryg","Siverson",2
115,"Ronit","Penso",2
116,"Ian","Muntzert",2
117,"Marc","Forgione",2
118,"Marcela","Valladolid",2
119,"Vic","Moea",2
120,"Alex","Guarnaschelli",2
121,"Jeffrey","Saad",2
122,"Richard","Park",2
123,"Chai","Trivedi",2
124,"Danni","Bleil",2
125,"Noureddine","Elgheur",2
126,"Jeff","Eng",2
127,"Anthony","Ricco",2
128,"Dan","Gardner",2
129,"Frank","Whittaker",2
130,"Vito","Facciabene",2
131,"Zaina","Dellaquila",2
132,"Dimitri","Voutsinas",2
133,"Brittanny","Evans",2
134,"Jeremiah","Bullfrog",2
135,"William","Artley",2
136,"Tony","Kang",2
137,"Steve","Luttrell",2
138,"Zach","Meloy",2
139,"Cody","Monfra",2
140,"Steve","Overlay",2
141,"Willie","Box",2
142,"Ryan","Bartlow",2
143,"Carla","Contreras",2
144,"John","Simmons",2
145,"Rick","Giffen",2
146,"Zoe","Feigenbaum",2
147,"Gason","Nelson",2
148,"Derek","Gigliotti",2
149,"Vincent","Contreras",2
150,"Lynette","Thomas",2
151,"Noah","Museles",2
152,"Robert","Finn",2
153,"Keith","Lucas",2
154,"Virginia","Willis",2
155,"Leslie","Parks",2
156,"Akiko","Thurnauer",2
157,"Danny","Lachs",2
158,"Mia","Castro",2
159,"John","Sierp",2
160,"Michael","Press",2
161,"Nealy","Frentz",2
162,"Sean","Scotese",2
163,"Walter","D'Rozario",2
164,"Elise","Kornack",2
165,"Jean-Louis","Gerin",2
166,"Rob","Evans",2
167,"Jamie","Adams",2
168,"Kate","Squibb",2
169,"Jeff","Mauro",2
170,"Richard","Blais",2
171,"Amanda","Freitag",2
172,"Joey","Fatone",2
173,"Gavin","Kaysen",2
174,"Jordan","Andino",2
175,"Tre","Ghoshal",2
176,"Michael","Bryant",2
177,"Rouha","Sadighi",2
178,"Heidi","Greening",2
179,"Rique","Uresti",2
180,"Chris","Leahy",2
181,"Jacoby","Ponder",2
182,"Joel","Gargano",2
183,"David","Fune",2
184,"Monique","King",2
185,"Mustapha","Rahiim",2
186,"Des","Lim",2
187,"Erik","Cho",2
188,"Owen","Clark",2
189,"Mogan","Anthony",2
190,"Guillermo","Perez",2
191,"Steve","Eakins",2
192,"Emma","Scher",2
193,"Jason","Quinn",2
194,"Allison","Robicelli",2
195,"Betsy","Rodriguez",2
196,"Natasha","Pogrebinsky",2
197,"Joey","Campanaro",2
198,"Terri","Wahl",2
199,"Fiore","Tedesco",2
200,"Parind","Vora",2
201,"Hop","Phan",2
202,"Natalie","Coughlin",2
203,"Nicki","Bogie",2
204,"Aatul","Jain",2
205,"Eric","McCarthy",2
206,"Seth","Gordon",2
207,"Joyce","Brandes",2
208,"Jesse","Olson",2
209,"Luca","Manderino",2
210,"Kent","Rollins",2
211,"Emilie","Friedman",2
212,"Anthony","Anderson",2
213,"Tek","Moore",2
214,"Simona","Alomary",2
215,"David","Viana",2
216,"Damon","Gordon",2
217,"Robert","Corbin",2
218,"Maxcel","Hardy",2
219,"Nikki","Hill",2
220,"Eli","Irland",2
221,"Juerg","Federer",2
222,"Blake","Orchard",2
223,"Bradley","Stellings",2
224,"Jennifer","Story",2
225,"George","Rallis",2
226,"Tommy","Werther",2
227,"Natasha","Pogrebinsky",2
228,"Wenona","Moorer",2
229,"Greg","Louganis",2
230,"Lou","Phillips",2
231,"Sinbad","Sinbad",2
232,"Peter","Scolari",2
233,"Brandi","Chastain",2
234,"Eric","Buss",2
235,"Sunny","Hostin",2
236,"Peter","Lee",2
237,"Hayan","Yi",2
238,"Richie","Katzenberg",2
239,"Matt","Lackey",2
240,"Kyle","McClelland",2
241,"Peter","Lemos",2
242,"Steve","Lohse",2
243,"Josh","Cohen",2
244,"Albert","Shim",2
245,"Tamar","Robinson",2
246,"Cris","Vazquez",2
247,"Aaron","DuBois",2
248,"Lauren","Proceszyrn",2
249,"Garrett","Pittler",2
250,"Gilbert","Delgado",2
251,"Bryon","Freeze",2
252,"Jay","Urena",2
253,"Lucy","Felong",2
254,"Max","Aronson",2
255,"Morgan","Goldstein",2
256,"Dante","Foggy",2
257,"James","Klayman",2
258,"Tom","McKenna",2
259,"Elda","Bielanski",2
260,"Robbie","Myers",2
261,"Carnie","Wilson",2
262,"Giorgio","Rapicavoli",2
263,"Mona","Ziabari",2
264,"Alluette","Jones-Smalls",2
265,"TK","Kyle",2
266,"Chris","Santos",2
267,"Zachary","Kell",2
268,"Marcela","Valladolid",2
269,"Rosie","Martone",2
270,"Aaron","Barnett",2
271,"Amy","Roloff",2
272,"Anastacia","Song",2
273,"Melissa","Naccarato",2
274,"Mario","Bacherini",2
275,"Denzil","Richards",2
276,"Timothy","Witcher",2
277,"Emmanuel","Delcour",2
278,"Josh","Lewis",2
279,"Emily","Hahn",2
280,"Brandon","Frohne",2
281,"Jose","Chesa",2
282,"Megan","Vargas",2
283,"Jon","Cano",2
284,"Anh","Luu",2
285,"Sunny","Hostin",2
286,"Diane","Vista-Wayne",2
287,"Cole","Poolaw",2
288,"Richard","Henderson",2
289,"Alex","Guarnaschelli",2
290,"Deljuan","Murphy",2
291,"Eric","Greenspan",2
292,"Hung","Huynh",2
293,"Antonia","Lofaso",2
294,"Rocco","DiSpirito",2
295,"Michael","Psilakis",2
296,"Steven","Wambach",2
297,"Dweezil","Zappa",2
298,"Derrick","Prince",2
299,"O'Shane","Elliot",2
300,"Rudy","Poindexter",2
301,"Michell","Sanchez",2
302,"Fred","Maurer",2
303,"Gabriele","Corcos",2
304,"Anna","Mindell",2
305,"Salma","Zahran",2
306,"Allison","Lee",2
307,"Justin","Ballenger",2
308,"Jeremy","Fleming",2
309,"Yazmene","Kaylani",2
310,"Jay","Urena",2
311,"Betsy","Randle",2
312,"Josh","Elliot",2
313,"Heiner","Aichem",2
314,"Victor","Squire",2
315,"Rob","Hafer",2
316,"Tiffany","Minter",2
317,"Leo","Mamaril",2
318,"Danika","Brysha",2
319,"Leah","Wilcox",2
320,"Johnny","Ulloa",2
321,"Jasmin","Bell",2
322,"Kathie","Leonard",2
323,"Kate","Campbell",2
324,"Gary","Stamm",2
325,"Jason","Kerr",2
326,"Brenden","Darby",2
327,"Zack","Northcutt",2
328,"Martin","Weaver",2
329,"Tim","Lyons",2
330,"Coby","Farrow",2
331,"Rafaelle","Solinas",2
332,"Anastacia","Song",2
333,"Brandon","Soverall",2
334,"Eva","Dix",2
335,"Ryan","Lory",2
336,"Drew","Friedman",2
337,"Martin","Horsey",2
338,"Elderoy","Arendse",2
339,"Dafna","Mizrahi",2
340,"Roro","Morales",2
341,"Jackie","Sappington",2
342,"Andre","Fowles",2
343,"Telmo","Faria",2
344,"Laercio","Chamon",2
345,"Miles","McKirdy",2
346,"Adrianna","Montano",2
347,"Mitchell","Faber",2
348,"Katherine","Fuchs",2
349,"Emily","Hansen",2
350,"Rabbi","Hecht",2
351,"Tyler","Henderson",2
352,"Kaley","Laird",2
353,"Rey","Martinez",2
354,"Tariq","Abdullah-Muhammad",2
355,"Eric","Adjepong",2
356,"Jared","Goldberg",2
357,"Samantha","Haas",2
358,"Remmi","Smith",2
359,"Charlie","Kalish",2
360,"Shawna","DeLima",2
361,"Joel","Lamica",2
362,"Kamryn","Kohler",2
363,"Kristen","Redmond",2
364,"Erica","Schaal",2
365,"Krista","Espinal",2
366,"Gina","Gullo",2
367,"Anthony","Rinaldi",2
368,"Noah","Galuten",2
369,"Adam","Coleman",2
370,"Claudia","Jordan",2
371,"Matt","Davidson",2
372,"Kristina","Sciarra",2
373,"Gina","Gray",2
374,"Jay","Abrams",2
375,"Alysis","Vasquez",2
376,"Cory","Morris",2
377,"Renee","Blackman",2
378,"Matt","Romine",2
379,"Shahin","Afsharian",2
380,"Seis","Kamimura",2
381,"Derek","Boaz",2
382,"Brother","Luck",2
383,"Geoff","Carson",2
384,"Ashish","Alfred",2
385,"Tressa","Wiles",2
386,"Jesse","Vega",2
387,"Catherine","O'Brien",2
388,"Brian","Cieslak",2
389,"Meena","Throngkumpola",2
390,"Renee","Fox",2
391,"Peter","Martinez",2
392,"Rick","Vanderplas",2
393,"Dasha","Perez-Haney",2
394,"Jon","Coombs",2
395,"Zack","Mills",2
396,"Pete","Santero",2
397,"Doug","Wetzel",2
398,"Mike","Perseo",2
399,"Jaclyn","Beasley",2
400,"Timothy","Walker",2
401,"Jackie","Jeong",2
402,"George","Rodrigues",2
403,"James","Horn",2
404,"Sophia","Manatakis",2
405,"Josh","Elkin",2
406,"Dorothy","Hamill",2
407,"Julie","White",2
408,"Rick","Fox",2
409,"Jonathan","Sadowski",2
410,"Jhonathan","Fennell",2
411,"Jordan","Lloyd",2
412,"Jet","Tila",2
413,"Eusebio","Gongora",2
414,"Michael","Chatman",2
415,"Johnny","Hall",2
416,"Felix","Castro",2
417,"Willy","Anderson",2
418,"Greg","Beckham",2
419,"Anna","Fitting",2
420,"Jessica","Chaney",2
421,"Ben","Bebenroth",2
422,"Andrea","Anom",2
423,"Kashi","Smith",2
424,"Gavin","Jobe",2
425,"Kimani","Hines",2
426,"Giorgio","Giacinto",2
427,"Hassan","Musselmani",2
428,"Juan","Gonzalez",2
429,"Jess","Dunne",2
430,"Chase","Sanders",2
431,"Kimberly","Gibson",2
432,"Ken","Hatfield",2
433,"Tiffany","Senin",2
434,"Tara","Cianella",2
435,"Natalie","Colledge",2
436,"Hugh","Mangum",2
437,"Lawrence","Ofori",2
438,"Ana","Gonzales",2
439,"Sophina","Uong",2
440,"Tres","Barnard",2
441,"Charles","Disa",2
442,"John","Brennan",2
443,"Austin","Kirzner",2
444,"Lina","Lynn",2
445,"Andrew","Welenken",2
446,"Allen","Nguyen",2
447,"Eric","Thomas",2
448,"Griffin","Paulin",2
449,"Michael","Gillet",2
450,"Lynnae","Oxley-Loupe",2
451,"Marissa","Delgado",2
452,"Mattia","Meneghetti",2
453,"Jennifer","Russo",2
454,"Ryan","Andre",2
455,"Christopher","Harris",2
456,"Christopher","Zabita",2
457,"Chris","Brugman",2
458,"Scott","Hynes",2
459,"James","Richards",2
460,"Austin","Miller",2
461,"Justin","Beckett",2
462,"Rich","Hinojosa",2
463,"Julian","Elfedayni-Connell",2
464,"Jason","Daly",2
465,"Claudia","Muniz",2
466,"Eric","Tran",2
467,"James","Trees",2
468,"Erica","Lent",2
469,"Ian","Ray",2
470,"Sakari","Smithwick",2
471,"Dalia","David",2
472,"Elizabeth","Bova",2
473,"Carinna","Acevedo",2
474,"Huascar","Aquino",2
475,"Emily","Brubaker",2
476,"Paul","Castro",2
477,"Jeremy","Ross",2
478,"Jacob","Pitts",2
479,"Will","Gilson",2
480,"Patrick","Carter",2
481,"Erin","Hockey",2
482,"Justin","Hall",2
483,"Liz","Kwon",2
484,"Paula","Alencar",2
485,"Zach","Pratt",2
486,"Elyssa","Kaplan",2
487,"Brianna","Bowering",2
488,"John","Arena",2
489,"Sebastian","Wijata",2
490,"Andy","Richmer",2
491,"Aless","Carthy",2
492,"Janene","Holig",2
493,"Aziza","Young",2
494,"Lucas","Billheimer",2
495,"Bahr","Rapaport",2
496,"Mike","Joyce",2
497,"Monkonjay","Gray",2
498,"Pipa","Hardin",2
499,"Marino","Rosato",2
500,"Franco","Robazetti",2
501,"Christopher","Royster",2
502,"Lynette","Mosher",2
503,"Airis","Johnson",2
504,"Tatiana","Rosana",2
505,"Maneet","Chauhan",2
506,"Pujan","Sarkar",2
507,"Norma","Knepp",2
508,"Sara","Bonic",2
509,"Britni","Nelson",2
510,"Lynnae","Oxley-Loupe",2
511,"Stephen","Hayek",2
512,"Dan","Huynh",2
513,"Diego","Sanchez",2
514,"Rahaf","Amer",2
515,"Roe","Dileo",2
516,"Sam","Badolato",2
517,"Ed","Evans",2
518,"Juan","Rodriguez",2
519,"Kristina","Preka",2
520,"Anoosh","Shariat",2
521,"Doreen","DeMarco",2
522,"Patrick","Roney",2
523,"Lee","Davidson",2
524,"Alex","Crabb",2
525,"Robin","Clark",2
526,"Donny","Enriquez",2
527,"Eustace","Wehner",2
528,"Lance","McWhorter",2
529,"Derrick","Marquiss",2
530,"Cristina","Espinosa",2
531,"Corey","Cash",2
532,"Michael","Touranjoe",2
533,"Colten","Lemmer",2
534,"Bryce","Sorem",2
535,"Kelly","Dias",2
536,"Stephanie","Clinton",2
537,"Greg","Smith",2
538,"Robert","Gonzalez",2
539,"Caroline","Schiff",2
540,"Ryan","Butler",2
541,"Emily","Drucker",2
542,"Rachel","Klemek",2
543,"Khalil","Aman",2
544,"Matt","Hummel",2
545,"Jonathan","Dearden",2
546,"Adriana","Urbina",2
547,"Eileen","Murphy",2
548,"James","Moran",2
549,"Geoffrey","Zakarian",2
550,"Thiago","Silva",2
551,"Amanda","Colello",2
552,"Drew","Bent",2
553,"Christian","Speero",2
554,"Xzherieh","Norris",2
555,"Frank","Camey",2
556,"Brittany","Rescigno",2
557,"Kevin","Templeton",2
558,"Kristol","Bryant",2
559,"Laura","Gonzales",2
560,"Fernanda","Tapia",2
561,"Jessica","Craig",2
562,"Emily","Mingrone",2
563,"Matt","McPherson",2
564,"Mimi","Weissenborn",2
565,"Lina","Zarcaro",2
566,"Patrick","McKee",2
567,"Megan","Marlow",2
568,"Marco","Maestoso",2
1,"Sandy","Davis",1
2,"Pippa","Calland",1
3,"Andre","Marrero",1
4,"Einat","Admony",1
5,"Josh","Emett",1
6,"Chris","Coleman",1
7,"Abe","Lopez",1
8,"Mina","Newman",1
9,"James","Briscione",1
10,"Darius","Peacock",1
11,"Jackie","Lee",1
12,"Gavin","Mills",1
13,"Michael","Carrino",1
14,"Natalia","Machado",1
15,"Jason","Zukas",1
16,"John","Lawson",1
17,"Marc","Spooner",1
18,"Roshni","Mansukhani",1
19,"Tyler","Anderson",1
20,"Joe","Bayley",1
21,"Cody","Utzman",1
22,"Diane","DiMeo",1
23,"James","Briscione",1
24,"Einat","Admony",1
25,"Cody","Utzman",1
26,"Darius","Peacock",1
27,"Dean","Yasharian",1
28,"Jeremy","Duclut",1
29,"Joe","Dobias",1
30,"PJ","Calapa",1
31,"Luisa","Fernandes",1
32,"Jon","Bignelli",1
33,"Tommy","Lee",1
34,"Amy","Roth",1
35,"Justin","Gaines",1
36,"Pnina","Peled",1
37,"Martin","Brock",1
38,"Erik","Weatherspool",1
39,"Marc","Pavlovic",1
40,"Mackenzie","Hilton",1
41,"Mario","Tolentino",1
42,"Jessica","Mogardo",1
43,"Michael","Siry",1
44,"Christian","Petroni",1
45,"Rebecca","Weitzman",1
46,"Michael","Jenkins",1
47,"Marc","Bynum",1
48,"Ed","Harris",1
49,"Paul","Yeaple",1
50,"Joshua","Stokes",1
51,"Madison","Cowan",1
52,"Anthony","Paris",1
53,"Matthew","Zappoli",1
54,"Ric","Orlando",1
55,"Rebecca","Newell",1
56,"Madison","Cowan",1
57,"Marc","Bynum",1
58,"Jason","Zukas",1
59,"Ric","Orlando",1
60,"Madison","Cowan",1
61,"Joe","Raiola",1
62,"Cory","Comeau",1
63,"Michael","Vignola",1
64,"Milton","Enriquez",1
65,"Wade","Burch",1
66,"Alejandra","Padilla",1
67,"Eric","Levine",1
68,"Laura","Henry-Zoubir",1
69,"James","Gillespie",1
70,"Marcellus","Coleman",1
71,"Michael","Proietti",1
72,"Anne","Burrell",1
73,"Nate","Appleman",1
74,"Aaron","Sanchez",1
75,"Nate","Appleman",1
76,"Lauren","Gerrie",1
77,"Jamie","Bissonnette",1
78,"Shehu","Fitzgerald",1
79,"Danielle","Saunders",1
80,"Wayne","Lyons",1
81,"Justin","Burdett",1
82,"Alan","Harding",1
83,"Heather","Priest",1
84,"Joe","Landa",1
85,"Olivier","Desaintmartin",1
86,"Marie-Claude","Mendy",1
87,"Miguel","Aguilar",1
88,"Jun","Tanaka",1
89,"Suzanne","Vizethann",1
90,"Lance","Nitahara",1
91,"Elisabeth","Weinberg",1
92,"Jennifer","Cole",1
93,"Christopher","Thames",1
94,"Michael","DiIonno",1
95,"Daniel","Bojorquez",1
96,"Jonny","Giordani",1
97,"Wade","Burch",1
98,"Danielle","Saunders",1
99,"Lauren","Gerrie",1
100,"Alan","Harding",1
101,"Danielle","Saunders",1
102,"Helen","Park",1
103,"Rob","Evans",1
104,"Lish","Steiling",1
105,"Matt","Lambert",1
106,"Charles","Lopez",1
107,"Cheryl","Barbara",1
108,"Vinson","Petrillo",1
109,"Neela","Paniz",1
110,"Walter","D'Rozario",1
111,"Elise","Kornack",1
112,"Giorgio","Rapicavoli",1
113,"Adrienne","Grenier",1
114,"Sammy","Jr.",1
115,"Sylvain","Harribey",1
116,"Ivan","Dorvil",1
117,"Michael","Symon",1
118,"Jeffrey","Saad",1
119,"Penny","Davidi",1
120,"Marcus","Samuelsson",1
121,"Marcus","Samuelsson",1
122,"Jay","Lippin",1
123,"Reggie","Anderson",1
124,"Lester","Walker",1
125,"Justin","Werner",1
126,"Natalie","Jacocks",1
127,"Corwin","Kave",1
128,"Paul","Rut",1
129,"Missy","Corey",1
130,"Kris","Wessel",1
131,"Kenneth","Johnson",1
132,"Jean-Louis","Gerin",1
133,"Sean","Scotese",1
134,"Eddie","Canlon",1
135,"Rachel","Willen",1
136,"Cory","Bahr",1
137,"Fatima","Ali",1
138,"Christina","Olivarez",1
139,"Linda","Green",1
140,"Mike","Gowland",1
141,"Joe","Rego",1
142,"Matt","Murphy",1
143,"Zeb","Stevenson",1
144,"Franco","Barrio",1
145,"Quentin","Donnaud",1
146,"Andrew","Scurlock",1
147,"Scott","Pajak",1
148,"Ria","Pell",1
149,"Gianfranco","Franzese",1
150,"Cindy","Tinnel",1
151,"Shania","Thomas",1
152,"Hugh","Mangum",1
153,"Grace","Lichaa",1
154,"Tabb","Singleton",1
155,"Phil","Crispo",1
156,"Nathanial","Zimet",1
157,"Flannery","Klette-Kolton",1
158,"Royden","Ellamar",1
159,"Gwen","LePape",1
160,"Kevin","Rooney",1
161,"Gerald","Chin",1
162,"Kenneth","Johnson",1
163,"Vinson","Petrillo",1
164,"Jun","Tanaka",1
165,"Rob","Evans",1
166,"Jun","Tanaka",1
167,"Steve","Benjamin",1
168,"Cara","Thompson",1
169,"Sunny","Anderson",1
170,"Gavin","Kaysen",1
171,"Scott","Conant",1
172,"Laila","Ali",1
173,"Scott","Conant",1
174,"Bruce","Kalman",1
175,"Luke","Reyes",1
176,"Mai-Khanh","Le",1
177,"Taji","Marie",1
178,"Diana","Sabater",1
179,"Marisa","Biaggi",1
180,"Brandon","Boudet",1
181,"Robbie","Myers",1
182,"Phillip","Dell",1
183,"Martha","Esquivel",1
184,"Barry","Frish",1
185,"Rich","Landau",1
186,"Anup","Joshi",1
187,"Erica","Beneke",1
188,"Nicole","Mummolo",1
189,"Joseph","Miller",1
190,"Thomas","McKenna",1
191,"Palak","Patel",1
192,"Mikey","Robins",1
193,"Cole","Dickinson",1
194,"Madeline","Lanciani",1
195,"Josie","Gordon",1
196,"Katsuji","Tanabe",1
197,"Kevin","Rathbun",1
198,"Sharon","Singelton",1
199,"Ruth","Cimaroli",1
200,"Garrett","Eagleton",1
201,"Michael","Israel",1
202,"Danica","Patrick",1
203,"Derek","Walker",1
204,"Jason","Stude",1
205,"Janelle","Reynolds",1
206,"Teah","Evans",1
207,"Nick","Bona",1
208,"Claire","Handleman",1
209,"Antonio","Mure",1
210,"Zoe","Feigenbaum",1
211,"Sean","Quinn",1
212,"Teri","Hatcher",1
213,"Kristen","Gregory",1
214,"Hunter","Zampa",1
215,"Alex","Moreno",1
216,"Sarah","Pouzar",1
217,"Richard","Fields",1
218,"Joe","Youkhan",1
219,"Germano","Minen",1
220,"Evelyn","Garcia",1
221,"Phillip","Lee",1
222,"Roxanne","Spruance",1
223,"Lauren","Kyles",1
224,"Giuseppe","Gentile",1
225,"Jeremy","Bringardner",1
226,"Dinah","Surh",1
227,"Michael","Bryant",1
228,"Elda","Belanski",1
229,"Brandi","Chastain",1
230,"Carnie","Wilson",1
231,"Gillian","Vigman",1
232,"Michael","Imperioli",1
233,"Michael","Imperioli",1
234,"Georgeann","Leaming",1
235,"Lisa","Keys",1
236,"Rose","Ludwig",1
237,"Jeffrey","Forrest",1
238,"Keith","Young",1
239,"Joe","Wetherbee",1
240,"Mike","Kollarik",1
241,"Patti","Peck",1
242,"Clara","Park",1
243,"Lindsay","McClain",1
244,"Jeremy","Barlow",1
245,"Tom","Gloster",1
246,"James","Major",1
247,"Mindy","Merrel",1
248,"Natalia","Gavaria",1
249,"Kristin","Beringson",1
250,"Dean","Rucker",1
251,"Elderoy","Arendse",1
252,"Jason","Khaytin",1
253,"Dante","Foggy",1
254,"Tommi","Fowler",1
255,"Sequoia","Pranger",1
256,"Tommi","Fowler",1
257,"Nong","Poonsukwattana",1
258,"Giorgio","Rapicavoli",1
259,"Keith","Young",1
260,"Diana","Sabater",1
261,"Laila","Ali",1
262,"Diana","Sabater",1
263,"Lily","Nichols",1
264,"Emily","Chapman",1
265,"Roro","Morales",1
266,"Alex","Guarnaschelli",1
267,"Giuseppe","Fanelli",1
268,"Katie","Lee",1
269,"Geraldine","Martone",1
270,"Timothy","Peterson",1
271,"Travis","Loftland",1
272,"Adam","Greenberg",1
273,"Drew","Magary",1
274,"Thiago","Silva",1
275,"Meny","Vaknin",1
276,"Ben","Bettinger",1
277,"Stacey","Givens",1
278,"Daniel","Sharp",1
279,"Vandy","Vanderwarker",1
280,"Bradley","Stellings",1
281,"Maurizio","Crescenzo",1
282,"Mindy","Simmons",1
283,"Adam","Sappington",1
284,"Mo","Major",1
285,"Jackie","Khanich",1
286,"Jonathan","Kavourakis",1
287,"Silvia","Baldini",1
288,"Anna","Serrano",1
289,"Aaron","Sanchez",1
290,"Taylor","Garrigan",1
291,"Art","Smith",1
292,"Anne","Burrell",1
293,"Michael","Psilakis",1
294,"Jet","Tila",1
295,"Anne","Burrell",1
296,"Robyn","Almodovar",1
297,"Kelly","Hansen",1
298,"Brian","Riggenbach",1
299,"Andrea","Galan",1
300,"Ryan","Ross",1
301,"Seis","Kamimura",1
302,"Dafna","Mizrahi",1
303,"Roger","Mooking",1
304,"Yazmene","Kaylani",1
305,"Peter","Wenger",1
306,"Alexina","Chasin",1
307,"Veronica","Seguin",1
308,"Mathias","Gervais",1
309,"Veronica","Seguin",1
310,"Max","Aronson",1
311,"Jackee","Harry",1
312,"Cory","Morris",1
313,"Deborah","Caplan",1
314,"Sister","Torres",1
315,"Rosa","Soto",1
316,"Joe","Cecchini",1
317,"Heather","Borden",1
318,"Ashley","Holt",1
319,"Hilda","Hilman",1
320,"Roshara","Sanders",1
321,"Mathew","Rice",1
322,"Mara","Cristiani",1
323,"Heather","Profetto",1
324,"Nelson","Andreu",1
325,"Raffaele","Ronca",1
326,"Jesa","Henneberry",1
327,"Eric","Gibbs",1
328,"Kathy","Fang",1
329,"Jill","Falgiano",1
330,"Jay","Abrams",1
331,"Joshua","Berg",1
332,"Timothy","Witcher",1
333,"Andre","Fowles",1
334,"J.R.","Tiger",1
335,"Shannen","Tune",1
336,"Jenn","Cheng",1
337,"Justin","Turner",1
338,"Meny","Vaknin",1
339,"Adam","Greenberg",1
340,"Deborah","Caplan",1
341,"Andre","Fowles",1
342,"Adam","Greenberg",1
343,"Adrian","Ramirez",1
344,"Lauren","Liew",1
345,"Ian","Phillips",1
346,"Ken","West",1
347,"Erin","Smith",1
348,"Mark","Liberman",1
349,"Joe","Sasto",1
350,"Pastor","Biggers",1
351,"Brandon","Peacock",1
352,"Aarthi","Sampath",1
353,"Rachael","Zavala",1
354,"Veronica","Flores",1
355,"Matthew","Arlington",1
356,"Kamryn","Kohler",1
357,"Lyanna","Cintron",1
358,"Gabriel","Chirinos",1
359,"Matt","Romine",1
360,"Eliana","Casas",1
361,"Florian","Wehrli",1
362,"Eliana","Casas",1
363,"Jamie","Thomas",1
364,"Josh","Arcilla",1
365,"Julieta","Liebhoff",1
366,"Joshua","Potter",1
367,"Heidi","Weinstein",1
368,"Jen","Phanomrat",1
369,"Alex","Lawrence",1
370,"Karina","Smirnoff",1
371,"Charleen","Caabay",1
372,"Demetrio","Zavala",1
373,"Frank","West",1
374,"Demetrio","Zavala",1
375,"Lee","Knoeppel",1
376,"Seis","Kamimura",1
377,"Fernando","Ruiz",1
378,"Kathy","Fang",1
379,"Nicky","Palamaro",1
380,"Bobby","Flay",1
381,"Cara","Nicoletti",1
382,"Christopher","Royster",1
383,"Crystal","Williams",1
384,"Lesley","Covitz",1
385,"Michael","Bonk",1
386,"Faith","Paulick",1
387,"Dante","Giannini",1
388,"Martyna","Krowicka",1
389,"Nick","Browne",1
390,"Maria","Petridis",1
391,"Mark","Henry",1
392,"Adam","Kenworthy",1
393,"Scott","McDonald",1
394,"Gary","Gonzalez",1
395,"Christina","Jackson",1
396,"Carrie","Eagle",1
397,"Brooke","Siem",1
398,"Ype","Hengst",1
399,"Dave","Hadley",1
400,"Marie","Yniguez",1
401,"Andrew","Riccatelli",1
402,"Adriana","Urbina",1
403,"Frida","Karani",1
404,"Heather","Carr",1
405,"Lazarus","Lynch",1
406,"Paige","VanZant",1
407,"Jonathan","Sadowski",1
408,"Jodi","O'Keefe",1
409,"Lazarus","Lynch",1
410,"Kam","Khazai",1
411,"Nicolas","Ferreira",1
412,"Chris","Santos",1
413,"Tanya","Cauthen",1
414,"Shacafrica","Simmons",1
415,"Sabi","Bivas",1
416,"Scott","Maki",1
417,"Charly","Pierre",1
418,"Christine","Wendland",1
419,"Crystal","Smith",1
420,"Gavin","Jobe",1
421,"Nick","Wallace",1
422,"Chris","Holland",1
423,"Michael","Nelson",1
424,"Chris","Holland",1
425,"Julie","Cole",1
426,"Marcus","Woodham",1
427,"Caitlyn","Napolitano",1
428,"Adam","Bostwick",1
429,"John","Powali",1
430,"Eric","Arboleda",1
431,"Dustine","Gonsalves",1
432,"Airis","Johnson",1
433,"Jacob","Bensley",1
434,"Gabriel","Israel",1
435,"Kenneth","Temple",1
436,"Emily","Chapman",1
437,"Michael","Castellon",1
438,"Nick","Testa",1
439,"Adam","Greenberg",1
440,"Steve","Costanzo",1
441,"Dave","Martin",1
442,"Tristen","Epps",1
443,"Syrena","Johnson",1
444,"Chris","Paulikas",1
445,"Jamaal","Taherzadeh",1
446,"Sarah","Wade",1
447,"Lynnae","Oxley-Loupe",1
448,"Ken","Harvey",1
449,"Winnette","Ambrose",1
450,"Sarah","Wade",1
451,"Melanie","Moss",1
452,"Celeste","Rogers",1
453,"Jillian","Moskites",1
454,"Christian","Hayes",1
455,"Jennifer","Caraway",1
456,"Hannah","Wong",1
457,"Johnny","Church",1
458,"Kathleen","O'Brien-Price",1
459,"Noam","Bilitzer",1
460,"Aerin","Zavory",1
461,"Matt","Storch",1
462,"Evan","Hennessey",1
463,"Rachel","LeGloahec",1
464,"Franco","Robazetti",1
465,"Tatiana","Rosana",1
466,"Tommy","D'Ambrosio",1
467,"Tara","Khattar",1
468,"Dallas","McGarity",1
469,"Lanny","Chin",1
470,"Jessica","Quinn",1
471,"Adam","Allison",1
472,"Lynette","Mosher",1
473,"Yuri","Szarzewski",1
474,"Joyce","Bucad",1
475,"Matthew","Ginn",1
476,"Rachael","Polhill",1
477,"Jason","Asher",1
478,"Jermain","Edwards",1
479,"Joshua","Moore",1
480,"Kristina","Wisneski",1
481,"Elise","Miller",1
482,"Claude","Lewis",1
483,"John","Courtney",1
484,"Thomas","Tapat",1
485,"Nicholas","Poulmentis",1
486,"Laura","Gonzalez",1
487,"Eric","Felitto",1
488,"Nino","Coniglio",1
489,"Figgy","DiBenedetto",1
490,"Pawan","Pinisetti",1
491,"Anna","Vocaturo",1
492,"Nick","LaRosa",1
493,"Eyhab","Hatab",1
494,"Matt","Migliore",1
495,"Gregory","Headen",1
496,"Cory","Oppold",1
497,"Daniel","Brelsford",1
498,"Rachel","Goldzal",1
499,"Christine","Hazel",1
500,"Evan","Hennessey",1
501,"Adriana","Urbina",1
502,"Tatiana","Rosana",1
503,"Matthew","Ginn",1
504,"Adriana","Urbina",1
505,"Amanda","Freitag",1
506,"Eli","Dunn",1
507,"Ceil","Vardar",1
508,"Arielle","Wayner",1
509,"Jeff","Martino",1
510,"Stephen","Coe",1
511,"John","Bedingfield",1
512,"Melodie","Asseraf",1
513,"Brittany","Rescigno",1
514,"Lanfranco","Paliotti",1
515,"Jay","Rohlfing",1
516,"Leo","Asaro",1
517,"Ben","Merritt",1
518,"Rashad","Armstead",1
519,"Xavier","Santiago",1
520,"Eliza","Martin",1
521,"Aldo","Alo",1
522,"Sarah","Nelson",1
523,"David","Thomas",1
524,"Jen","Biesty",1
525,"Chris","Kollar",1
526,"Benjamin","Dubow",1
527,"Samantha","Gordon",1
528,"Denise","Shavandy",1
529,"Erik","Kwan",1
530,"Ethan","Speizer",1
531,"Ed","Randolph",1
532,"Claudio","Cristofoli",1
533,"Kevin","Templeton",1
534,"Kristol","Bryant",1
535,"Luke","Marschark",1
536,"Sang","Park",1
537,"Shachi","Mehra",1
538,"Ivan","Marquez",1
539,"Tarran","Hatton",1
540,"Rachel","Klemek",1
541,"Daniela","Martinez",1
542,"Daniela","Martinez",1
543,"Marla","Thurman",1
544,"Cara","Hermanson",1
545,"Jeffrey","Salazar",1
546,"Chris","Holland",1
547,"Kori","Hayward",1
548,"Chris","Coleman",1
549,"Maneet","Chauhan",1
550,"Melodie","Asseraf",1
551,"Chris","Carriker",1
552,"Fernanda","Tapia",1
553,"Michele","Hunter",1
554,"Javier","Canteras",1
555,"Julia","Chebotar",1
556,"Fernanda","Tapia",1
557,"David","Thomas",1
558,"Kristina","Wisneski",1
559,"Eli","Dunn",1
560,"David","Thomas",1
561,"James","Foran",1
562,"Arthur","Dulin",1
563,"Maame","Boakye",1
564,"Nemo","Bolin",1
565,"Luca","Annunziata",1
566,"Phillip","Esteban",1
567,"Kei","Ohdera",1
568,"Calin","Sauvron",1
