"first_name","last_name"
"Aaron","Sanchez"
"Adam","Moskowitz"
"Adam","Sobel"
"Alex","Guarnaschelli"
"Alex","Stupak"
"Ali","Khan"
"Alton","Brown"
"Amanda","Freita"
"Amanda","Freitag"
"Amanda","Frietag"
"Andrew","Zimmern"
"Angie","Mar"
"Anne","Burrell"
"Ayesha","Nurdjaja"
"Barry","Williams"
"Bobby","Flay"
"Bruno","DiFabio"
"Cheryl","Barbara"
"Chris","Cheun"
"Chris","Santo"
"Chris","Santos"
"Christian","Petroni"
"Christina","Tosi"
"Christopher","Knight"
"Claudia","Flemin"
"Craig","Samuel"
"Dale","Tal"
"David","Burtka"
"David","Gua"
"David","Loewenber"
"Eddie","Jackson"
"Edi","Frauneder"
"Eduardo","Garcia"
"Edward","L"
"Einat","Admony"
"Elizabeth","Heiskell"
"Elizabeth","Karmel"
"Erik","Ramirez"
"Esther","Choi"
"Evan","Funk"
"Eve","Plumb"
"Florian","Bellanger"
"Geoffrey","Zacharian"
"Geoffrey","Zakarian"
"George","Men"
"Giorgio","Rapicavoli"
"Greg","Koch"
"Hans","Rockenwagner"
"Hooni","Kim"
"Hugh","Acheson"
"James","Briscion"
"James","Tahhan"
"Jamie","Bissonnett"
"Janine","Booth"
"Jason","Kieffer"
"Jeff","Mauro"
"Jet","Tila"
"Jody","William"
"Jody","Williams"
"John","Li"
"John","Suley"
"Johnny","Iuzzini"
"Jonathon","Sawyer"
"Jordan","Andino"
"Jose","Garces"
"Joseph","Brown"
"Joseph","Johnson"
"Josh","Capon"
"Kari","Underly"
"Katrina","Markoff"
"Ken","Oringer"
"Kimbal","Musk"
"Laura","Vital"
"Lauren","Gerri"
"Leah","Cohen"
"Lee","Wong"
"Liz","Thorp"
"Maneet","Chauhan"
"Maneet","Chauhaun"
"Marc","Forgion"
"Marc","Murphy"
"Marco","Canora"
"Marcus","Samuelsson"
"Mark","Bittman"
"Martha","Stewart"
"Maureen","McCormick"
"Michael","Chernow"
"Michael","Psilaki"
"Michelle","Bernstein"
"Mike","Lookinlan"
"Missy","Robbin"
"Missy","Robbins"
"Moe","Cason"
"Nancy","Silverton"
"Natasha","Case"
"Nick","Anderer"
"Peter","Oleyer"
"Ray","Garcia"
"Ray","Lamp"
"Rocco","DiSpirito"
"Roger","Mookin"
"Ron","Ben-Israel"
"Rose","McGowan"
"Sam","Ka"
"Scott","Conant"
"Seamus","Mullen"
"Silvena","Row"
"Spike","Mendelsohn"
"Stephanie","Izar"
"Stuart","O'Keeffe"
"Sue","Torres"
"Susan","Feniger"
"Susan","Olsen"
"Sylvia","Weinstock"
"Thiago","Silva"
"Tiffani","Faison"
"Tino","Feliciano"
"Tyler","Malek"
"Ulrich","Koberstein"
"Valerie","Bertinelli"
"Wylie","Dufresn"
"Zac","Youn"
"Zakary","Pelaccio"
